id,firstname,lastname,fatherwords,motherwords,lwords,gendre
2844750846,Maria,Russo,0.0,0.0,0.0,1.0
2830226574,Gabe,Johnson,0.0,0.0,0.0,-1.0
2769414451,Monica,Almeida,0.0,0.0,0.0,1.0
2614375933,Jeffrey,Marcus,0.0,0.0,0.0,-1.0
2571084145,Jessica,Dimson,0.0,0.0,0.0,1.0
2561646679,Joe,Nocera,0.0,0.0,0.0,-0.96
2559729506,Patrick,Lyons,0.0,0.0,0.0,-1.0
2541702199,James,Risen,0.0,0.0,0.0,-0.99
2530077547,David,Furst,0.0,0.0,0.0,-0.99
2478792504,Anthony,Tommasini,0.0,0.0,0.0,-1.0
2463358249,Kenneth,Chang,0.0,0.0,0.0,-1.0
2439177534,Brent,Staples,0.0,0.0,0.0,-0.67
2382608569,Kathleen,Flynn,0.0,0.0,0.0,1.0
2358244638,Bruce,Levine,0.0,0.0,0.0,-1.0
2343678498,Adeel,Hassan,0.0,0.0,0.0,-1.0
2317824895,Herbert,Buchsbaum,0.0,0.0,0.0,-1.0
2317790305,Matthew,Schneier,0.0,0.0,0.0,-1.0
2282904271,Terry,Tang,0.0,0.0,0.0,-0.77
2211478945,Joan,Nassivera,0.0,0.0,0.0,0.98
2155069154,Felicia,Lee,0.0,0.0,0.0,1.0
1961041837,William,Grimes,0.0,0.0,0.0,-0.71
1858027897,Daniel,Jones,0.0,0.0,0.0,-0.99
1665580856,Ian,Urbina,0.0,0.0,0.0,-0.5
1594256965,Larry,Ingrassia,0.0,0.0,0.0,-1.0
1483971788,Steve,Kenny,0.0,0.0,0.0,-0.99
1435777862,Barry,Meier,0.0,0.0,0.0,-1.0
1427982906,Josh,Katz,0.0,0.0,0.0,-1.0
1378279770,rebecca,corbett,0.0,0.0,0.0,1.0
1347226375,Kayne,Rogers,0.0,0.0,0.0,-0.48
1337490036,Celia,Dugger,0.0,0.0,0.0,1.0
1280318305,Isabel,Kershner,0.0,0.0,0.0,0.97
1247237509,Glenn,Kramon,0.0,0.0,0.0,-0.99
1225954434,Gregory,Cowles,0.0,0.0,0.0,-0.71
1201619390,Malina,Gilchrist,0.0,0.0,0.0,1.0
1184637614,Florence,Fabricant,0.0,0.0,0.0,0.99
1170234294,Matt,Twomey,0.0,0.0,0.0,-1.0
1138559328,Ken,Belson,0.0,0.0,0.0,-1.0
1080504728,David,Tanis,0.0,0.0,0.0,-0.99
946677414,Ian,Austen,0.0,0.0,0.0,-1.0
935171022,Royal,0,0.0,0.0,0.0,-0.93
928875973,Kyle,Massey,0.0,0.0,0.0,-0.69
883187275,Julie,Lasky,0.0,0.0,0.0,0.71
876114956,Noel,Millea,0.0,0.0,0.0,-0.59
874916178,Michael,Beschloss,0.0,0.0,0.0,-0.99
871989314,Emma,Cott,0.0,0.0,0.0,1.0
868358876,Jane,Perlez,0.0,0.0,0.0,0.5
788697546,Gerry,Doyle,0.0,0.0,0.0,-0.92
778365522,Nina,Bernstein,0.0,0.0,0.0,1.0
777332384,Naila-Jean,Meyers,0.0,0.0,0.0,-0.13
774478651,Michael,Winerip,0.0,0.0,0.0,-0.99
714697231,Steven,Reddicliffe,0.0,0.0,0.0,-0.99
713369978,Joe,Goldstein,0.0,0.0,0.0,-0.99
705082592,Joe,Ward,0.0,0.0,0.0,-0.96
633980404,David,Brooks,0.0,0.0,0.0,-0.99
633726625,Kathy,Ryan,0.0,0.0,0.0,1.0
633166200,Alicia,Parlapiano,0.0,0.0,0.0,1.0
620069722,Leslie,Kaufman,0.0,0.0,0.0,0.48
616360824,Christopher,Mele,0.0,0.0,0.0,-0.99
613714169,Des,Shoe,0.0,0.0,0.0,-0.05
599454226,Julia,Preston,0.0,0.0,0.0,0.99
595617958,Karin,Roberts,0.0,0.0,0.0,1.0
582473979,Neil,Gough,0.0,0.0,0.0,-0.99
577685565,Norimitsu,Onishi,0.0,0.0,0.0,-0.13
569194982,Kassie,Bracken,0.0,0.0,0.0,1.0
560376256,Shayla,Harris,0.0,0.0,0.0,1.0
554205029,Manny,Fernandez,0.0,0.0,0.0,-0.46
545423953,Glenn,Collins,0.0,0.0,0.0,-1.0
526787104,Al,Baker,0.0,0.0,0.0,-0.97
526633940,Nelson,Schwartz,0.0,0.0,0.0,-1.0
523692041,penelope,green,0.0,0.0,0.0,1.0
519806466,Jane,Karr,0.0,0.0,0.0,0.5
519785351,Devan,Sipher,0.0,0.0,0.0,-0.51
509191768,Alan,Wong,0.0,0.0,0.0,-1.0
505246911,Sam,Manchester,0.0,0.0,0.0,-0.98
504720945,Cornelius,Schmid,0.0,0.0,0.0,-1.0
496237161,Stacey,Baker,0.0,0.0,0.0,0.85
495403231,Elisabeth,Malkin,0.0,0.0,0.0,1.0
493266463,Benedict,Carey,0.0,0.0,0.0,-0.71
486997945,Denise,Grady,0.0,0.0,0.0,0.99
485766720,Victoria,Shannon,0.0,0.0,0.0,1.0
483688818,James,Thomas,0.0,0.0,0.0,-0.99
466649398,Perri,Klass,0.0,0.0,0.0,0.9
464854839,Rachel,NYT,0.0,0.0,0.0,0.99
463765807,Nate,Cohn,0.0,0.0,0.0,-0.41
462424772,Jacob,Bernstein,0.0,0.0,0.0,-1.0
461908717,Mark,McDonald,0.0,0.0,0.0,-1.0
460470940,Margaret,Sullivan,0.0,0.0,0.0,0.99
460408325,Laurie,Goodstein,0.0,0.0,0.0,0.99
453409807,sean,alfano,0.0,0.0,0.0,-0.99
450577886,Hari,Kumar,0.0,0.0,0.0,-1.0
437860349,Douglas,Alteen,0.0,0.0,0.0,-1.0
437235053,Parul,Sehgal,0.0,0.0,0.0,1.0
436347713,Benjamin,Hoffman,0.0,0.0,0.0,-1.0
429808555,John,Haskins,0.0,0.0,0.0,-1.0
429685724,Steven,Erlanger,0.0,0.0,0.0,-1.0
429455200,Andrea,Kannapell,0.0,0.0,0.0,0.98
419583432,Tamar,Adler,0.0,0.0,0.0,0.83
409462343,David,Streitfeld,0.0,0.0,0.0,-1.0
404911747,Philip,Corbett,0.0,0.0,0.0,-0.99
400344850,James,Stewart,0.0,0.0,0.0,-1.0
399452621,Andrew,Kramer,0.0,0.0,0.0,-0.99
399201012,Christoph,Fuhrmans,0.0,0.0,0.0,-1.0
394336510,Gail,Bichler,0.0,0.0,0.0,0.96
389017650,Janet,Piorko,0.0,0.0,0.0,0.5
387531939,Alissa,Rubin,0.0,0.0,0.0,1.0
385052743,Ian,Trontz,0.0,0.0,0.0,-0.99
383997228,Mary,Murphy,0.0,0.0,0.0,1.0
383207452,Matthew,Goldstein,0.0,0.0,0.0,-1.0
382734543,elisabetta,povoledo,0.0,0.0,0.0,1.0
382217070,Connor,Ennis,0.0,0.0,0.0,-0.7
381646547,Tyler,Hicks,0.0,0.0,0.0,-0.99
379379520,Jason,Spingarn-Koff,0.0,0.0,0.0,-0.99
377308500,Tom,Redburn,0.0,0.0,0.0,-1.0
376874857,Andrew,Das,0.0,0.0,0.0,-0.99
376327986,tamar,lewin,0.0,0.0,0.0,0.86
375662595,Eric,Lipton,0.0,0.0,0.0,-0.99
375367337,Lillie,Dremeaux,0.0,0.0,0.0,1.0
373791638,jack,healy,0.0,0.0,0.0,-1.0
373437924,Dean,Baquet,0.0,0.0,0.0,-0.98
372690456,Philip,McClellan,0.0,0.0,0.0,-0.99
372386913,Dean,Chang,0.0,0.0,0.0,-0.97
370982639,Alex,Thompson,0.0,0.0,0.0,-0.95
370113964,Margot,Sanger-Katz,0.0,0.0,0.0,1.0
369684457,Neil,Genzlinger,0.0,0.0,0.0,-1.0
369123575,Ginia,Bellafante,0.0,0.0,0.0,1.0
369089298,Campbell,Robertson,0.0,0.0,0.0,-1.0
363887554,Ford,Fessenden,0.0,0.0,0.0,-1.0
363722449,Mireya,Navarro,0.0,0.0,0.0,1.0
363302768,Vijai,Singh,0.0,0.0,0.0,-0.76
355671913,Gerry,Mullany,0.0,0.0,0.0,-0.76
353847680,Alexandra,Jacobs,0.0,0.0,0.0,0.71
353263514,Douglas,Schorzman,0.0,0.0,0.0,-1.0
353239744,Peter,Khoury,0.0,0.0,0.0,-0.71
352644923,Derek,Watkins,0.0,0.0,0.0,-1.0
351944380,Aimee,Harris,0.0,0.0,0.0,1.0
351768289,Andrea,Elliott,0.0,0.0,0.0,1.0
347276428,Jonathan,Corum,0.0,0.0,0.0,-0.99
346083895,Vivian,Yee,0.0,0.0,0.0,0.49
341924686,David,Barboza,0.0,0.0,0.0,-0.99
341118458,Eric,Schmitt,0.0,0.0,0.0,-0.99
339824133,Jim,Yardley,0.0,0.0,0.0,-0.99
339719556,Daniel,Slotnik,0.0,0.0,0.0,-0.99
339332911,adam,nagourney,0.0,0.0,0.0,-0.99
336130457,Martin,Fackler,0.0,0.0,0.0,-1.0
336020675,Stephen,Castle,0.0,0.0,0.0,-1.0
334733583,David,Moll,0.0,0.0,0.0,-1.0
333517999,Natasha,Singer,0.0,0.0,0.0,1.0
327577091,Justin,Wolfers,0.0,0.0,0.0,-0.99
326834507,Michael,Kimmelman,0.0,0.0,0.0,-0.99
326562333,Maggie,Astor,0.0,0.0,0.0,1.0
326369670,Somini,Sengupta,0.0,0.0,0.0,0.49
321810186,Cate,Doty,0.0,0.0,0.0,1.0
318502583,Kevin,Sack,0.0,0.0,0.0,-1.0
315142011,William,Broad,0.0,0.0,0.0,-0.99
314301334,Robert,Gebeloff,0.0,0.0,0.0,-1.0
312544085,Marcus,Mabry,0.0,0.0,0.0,-0.99
306527400,Richard,Fausset,0.0,0.0,0.0,-1.0
305125998,Jeffrey,Gettleman,0.0,0.0,0.0,-0.99
305005427,Sam,Dolnick,0.0,0.0,0.0,-0.98
302236263,Jon,Kelly,0.0,0.0,0.0,-0.99
301012485,Michael,Powell,0.0,0.0,0.0,-1.0
300497193,Michael,Tackett,0.0,0.0,0.0,-0.99
299734693,Ben,Hubbard,0.0,0.0,0.0,-0.99
299294766,Aurélien,Breeden,0.0,0.0,0.0,0
297071736,Suzanne,Spector,0.0,0.0,0.0,0.71
294258287,Pamela,Paul,0.0,0.0,0.0,1.0
292936667,Kelly,Couturier,0.0,0.0,0.0,0.98
282545479,Michael,Barbaro,0.0,0.0,0.0,-0.99
281196299,Jim,Kerstetter,0.0,0.0,0.0,-0.99
280055962,Sean,Farrell,0.0,0.0,0.0,-1.0
279655313,Zach,Johnk,0.0,0.0,0.0,-1.0
273581084,Dan,Bilefsky,0.0,0.0,0.0,-0.99
272016313,Megan,Thee-Brenan,0.0,0.0,0.0,1.0
269448653,Nick,Corasaniti,0.0,0.0,0.0,-0.58
269399083,Alexandra,Stevenson,0.0,0.0,0.0,1.0
269170324,Ethan,Bronner,0.0,0.0,0.0,-1.0
268476335,Steven,Greenhouse,0.0,0.0,0.0,-1.0
268362505,Meghan,Gourley,0.0,0.0,0.0,1.0
268349784,Jonathan,Soble,0.0,0.0,0.0,-0.99
267328866,Jill,Taylor,0.0,0.0,0.0,1.0
267308226,Jennifer,Szalai,0.0,0.0,0.0,0.5
266136066,David,Philipps,0.0,0.0,0.0,-1.0
265491747,Christopher,Drew,0.0,0.0,0.0,-1.0
263696130,Rochelle,Oliver,0.0,0.0,0.0,1.0
263275988,Judy,Tong,0.0,0.0,0.0,1.0
262968760,Alicia,DeSantis,0.0,0.0,0.0,1.0
262937086,Dan,Barry,0.0,0.0,0.0,-0.99
261289053,Emmarie,Huetteman,0.0,0.0,0.0,1.0
259859429,Lisa,Foderaro,0.0,0.0,0.0,1.0
259395895,John,Harwood,0.0,0.0,0.0,-1.0
259317559,Jeff,DelViscio,0.0,0.0,0.0,-1.0
258885469,Nick,Confessore,0.0,0.0,0.0,-1.0
257553765,Daniel,Fromson,0.0,0.0,0.0,-1.0
257540457,Margalit,Fox,0.0,0.0,0.0,1.0
257142675,Dionne,Searcey,0.0,0.0,0.0,0.95
255944294,Suzanne,Daley,0.0,0.0,0.0,1.0
255719070,Andrew,Rosenthal,0.0,0.0,0.0,-1.0
255392715,Jon,Huang,0.0,0.0,0.0,-0.99
255347566,jimrutenberg,0,0.0,0.0,0.0,0.13
253004443,Thomas,Erdbrink,0.0,0.0,0.0,-1.0
252903200,Brent,McDonald,0.0,0.0,0.0,-0.99
251679630,Kevin,Granville,0.0,0.0,0.0,-0.99
250026838,Tamara,Best,0.0,0.0,0.0,1.0
249950657,julieturkewitz,0,0.0,0.0,0.0,-0.13
249307732,Adam,Bryant,0.0,0.0,0.0,-1.0
249060131,Andrew,Roth,0.0,0.0,0.0,-0.99
249013720,Anne,Barnard,0.0,0.0,0.0,0.71
247359669,Karen,Barrow,0.0,0.0,0.0,1.0
247033019,David,Firestone,0.0,0.0,0.0,-0.99
245716552,Alan,Cowell,0.0,0.0,0.0,-1.0
245447064,Meaghan,Looram,0.0,0.0,0.0,1.0
244997595,Gina,Lamb,0.0,0.0,0.0,1.0
243840731,Dick,Stevenson,0.0,0.0,0.0,-1.0
243798637,Neil,MacFarquhar,0.0,0.0,0.0,-0.99
243782937,Justine,Simons,0.0,0.0,0.0,0.96
242765117,Mac,Bishop,0.0,0.0,0.0,-1.0
242763001,Diana,Henriques,0.0,0.0,0.0,0.99
241169811,Christine,Hauser,0.0,0.0,0.0,0.99
240790984,Natalie,Shutler,0.0,0.0,0.0,1.0
238088181,Christopher,Clarey,0.0,0.0,0.0,-1.0
237477771,Julie,Davis,0.0,0.0,0.0,1.0
237453428,Rachel,Abrams,0.0,0.0,0.0,1.0
236657680,Jeff,Gordinier,0.0,0.0,0.0,-1.0
234087403,Carlotta,Gall,0.0,0.0,0.0,1.0
226453985,Nic,Barajas,0.0,0.0,0.0,-0.52
224741372,Pedro,Rosado,0.0,0.0,0.0,-0.99
220533855,Susanna,Timmons,0.0,0.0,0.0,1.0
218276360,Matt,Flegenheimer,0.0,0.0,0.0,-1.0
217530555,Sheri,Fink,0.0,0.0,0.0,1.0
217304598,Mike,傅才德,0.0,0.0,0.0,0
216495966,Serge,Kovaleski,0.0,0.0,0.0,-1.0
215971578,Sam,Kestenbaum,0.0,0.0,0.0,-0.98
214641138,Eduardo,Porter,0.0,0.0,0.0,-0.99
213397244,Bryan,Denton,0.0,0.0,0.0,-1.0
212390504,Cath(erine),Spangler,0.0,0.0,0.0,0.29
208163898,Sabrina,Tavernise,0.0,0.0,0.0,0.71
203141216,Henri,Cauvin,0.0,0.0,0.0,-0.98
199766003,Ellen,Barry,0.0,0.0,0.0,1.0
199020514,Adam,Fusfeld,0.0,0.0,0.0,-0.99
198241550,Cara,Buckley,0.0,0.0,0.0,0.51
196186298,Abby,Goodnough,0.0,0.0,0.0,1.0
194599387,Quynhanh,Do,0.0,0.0,0.0,0.5
191590691,Matt,Chaban,0.0,0.0,0.0,-1.0
191134282,Joe,Kahn,0.0,0.0,0.0,-0.48
189244927,Andrew,Jacobs,0.0,0.0,0.0,-1.0
189180763,C.J.,Chivers,0.0,0.0,0.0,0.0
183639717,Reyna,Desai,0.0,0.0,0.0,0.67
183268101,Alainna,Beddie,0.0,0.0,0.0,1.0
183213825,Neha,Bagri,0.0,0.0,0.0,1.0
182545611,Susanne,Craig,0.0,0.0,0.0,1.0
181272163,Laura,Holson,0.0,0.0,0.0,1.0
181271937,Channon,Hodge,0.0,0.0,0.0,0.87
177624460,Gerry,Marzorati,0.0,0.0,0.0,-0.93
177507079,gregor,aisch,0.0,0.0,0.0,-1.0
176922637,bruce,weber,0.0,0.0,0.0,-0.99
175436190,Robin,Pogrebin,0.0,0.0,0.0,0.77
171920011,Erika,Allen,0.0,0.0,0.0,1.0
171811536,Sergio,Peçanha,0.0,0.0,0.0,0
168780835,Matthew,Wald,0.0,0.0,0.0,-1.0
168684891,Mark,Mazzetti,0.0,0.0,0.0,-0.99
168674628,David,Sanger,0.0,0.0,0.0,-1.0
168295477,David,Leonhardt,0.0,0.0,0.0,-1.0
167411876,Kate,Taylor,0.0,0.0,0.0,1.0
167087610,Sharon,Otterman,0.0,0.0,0.0,1.0
165864348,Marjorie,Connelly,0.0,0.0,0.0,1.0
165177737,Jess,SilverGreenberg,0.0,0.0,0.0,-0.55
163922836,Tom,Kuntz,0.0,0.0,0.0,-0.99
163598915,Jeremy,Peters,0.0,0.0,0.0,-1.0
161813561,Keith,Bradsher,0.0,0.0,0.0,-1.0
157735379,alex,maccallum,0.0,0.0,0.0,-0.99
157009365,Roger,Cohen,0.0,0.0,0.0,-1.0
156016878,Neil,Irwin,0.0,0.0,0.0,-0.71
155634643,Paula,Span,0.0,0.0,0.0,0.99
154145174,Tanzina,Vega,0.0,0.0,0.0,1.0
153836083,Monica,Davey,0.0,0.0,0.0,0.71
150726712,Jennifer,Kingson,0.0,0.0,0.0,1.0
147967582,Stacy,Cowley,0.0,0.0,0.0,0.79
147666113,Elisabeth,Bumiller,0.0,0.0,0.0,1.0
147649517,Mark,Leibovich,0.0,0.0,0.0,-1.0
146167871,Jackie,Calmes,0.0,0.0,0.0,0.2
145711769,Amy,Qin,0.0,0.0,0.0,0.5
144609952,Kenneth,Rosen,0.0,0.0,0.0,-1.0
141545751,Katrin,Bennhold,0.0,0.0,0.0,1.0
139870125,Patrick,Healy,0.0,0.0,0.0,-1.0
138479037,carl,hulse,0.0,0.0,0.0,-0.67
138299775,Whitney,Dangerfield,0.0,0.0,0.0,0.99
138144571,Erik,Piepenburg,0.0,0.0,0.0,-1.0
137414410,Graham,Bowley,0.0,0.0,0.0,-1.0
135991884,Jan,Hoffman,0.0,0.0,0.0,0.22
135713596,Robert,Pear,0.0,0.0,0.0,-0.99
135574894,Peter,Blair,0.0,0.0,0.0,-1.0
135215435,Melissa,Hoppert,0.0,0.0,0.0,1.0
135117679,Barbara,Strauch,0.0,0.0,0.0,0.71
133929829,Liam,Stack,0.0,0.0,0.0,-1.0
133770568,Whitney,Richardson,0.0,0.0,0.0,1.0
132631769,Hamilton,Boardman,0.0,0.0,0.0,-1.0
132589871,Eric,Lichtblau-NYT,0.0,0.0,0.0,-0.99
132241885,michael,corkery,0.0,0.0,0.0,-0.99
131640883,Jesse,Wegman,0.0,0.0,0.0,-0.97
131315938,Jennifer,Schuessler,0.0,0.0,0.0,1.0
131277152,Scott,Cacciola,0.0,0.0,0.0,-1.0
130647368,Dave,Smith,0.0,0.0,0.0,-1.0
130539186,Jill,Agostino,0.0,0.0,0.0,1.0
129911798,Chuck,Strum,0.0,0.0,0.0,-1.0
127954611,Karen,Workman,0.0,0.0,0.0,1.0
127791708,Sid,Acker,0.0,0.0,0.0,-0.57
123374553,Roberta,Smith,0.0,0.0,0.0,1.0
123327472,Peter,Baker,0.0,0.0,0.0,-1.0
123323498,Jeremy,Ashkenas,0.0,0.0,0.0,-1.0
122792963,Simon,Romero,0.0,0.0,0.0,-1.0
120233868,Mark,Landler,0.0,0.0,0.0,-0.99
120185048,Steve,Eder,0.0,0.0,0.0,-1.0
119491006,Amy,Chozick,0.0,0.0,0.0,1.0
118713871,Ceylan,Yeginsu,0.0,0.0,0.0,0.5
117460060,Tim,Arango,0.0,0.0,0.0,-1.0
117244757,Didi,Tatlow,0.0,0.0,0.0,1.0
116899679,Justin,Sablich,0.0,0.0,0.0,-0.99
115505593,kate,zernike,0.0,0.0,0.0,1.0
115150175,Luke,Mitchell,0.0,0.0,0.0,-1.0
113635822,Rob,Harris,0.0,0.0,0.0,-1.0
112805118,Axel,Gerdau,0.0,0.0,0.0,-1.0
110487775,stuart,emmrich,0.0,0.0,0.0,-1.0
109921890,Lindsay,Crouse,0.0,0.0,0.0,0.99
109275829,a.,scott,0.0,0.0,0.0,0.0
109134468,Jonathan,Mahler,0.0,0.0,0.0,-0.99
108171720,lynsey,addario,0.0,0.0,0.0,1.0
107857325,Sam,Anderson,0.0,0.0,0.0,-0.99
107246587,Armando,Arrieta,0.0,0.0,0.0,-0.99
107234633,Stuart,Elliott,0.0,0.0,0.0,-0.99
107163055,Catherine,SaintLouis,0.0,0.0,0.0,1.0
107061895,Christoph,Niemann,0.0,0.0,0.0,-1.0
106637099,Sasha,Weiss,0.0,0.0,0.0,0.93
106444076,Marie,Tessier,0.0,0.0,0.0,0.67
106137204,Mosi,Secret,0.0,0.0,0.0,-0.72
105534413,Conor,Dougherty,0.0,0.0,0.0,-1.0
104908543,Lizette,Alvarez,0.0,0.0,0.0,1.0
104352678,David,Gonzalez,0.0,0.0,0.0,-1.0
104339970,Tim,Rohan,0.0,0.0,0.0,-1.0
102658187,Sharon,LaFraniere,0.0,0.0,0.0,1.0
101529977,Nate,Chinen,0.0,0.0,0.0,-0.41
101508803,Rosie,Schaap,0.0,0.0,0.0,1.0
101247760,Mekado,Murphy,0.0,0.0,0.0,-0.13
101105818,Simone,Oliver,0.0,0.0,0.0,0.99
99655992,ben,protess,0.0,0.0,0.0,-0.49
98927466,Suleika,Jaouad,0.0,0.0,0.0,0.5
95388895,Jeffrey,Furticella,0.0,0.0,0.0,-0.99
95273012,Pam,Belluck,0.0,0.0,0.0,1.0
95270375,Sheryl,Stolberg,0.0,0.0,0.0,1.0
94593839,Mickey,Meece,0.0,0.0,0.0,-0.91
94213060,Shaila,Dewan,0.0,0.0,0.0,0.5
93434344,Emily,Hager,0.0,0.0,0.0,1.0
93197442,Gregory,Schmidt,0.0,0.0,0.0,-1.0
92409158,Dean,Murphy,0.0,0.0,0.0,-0.99
92119359,Peter,Sigal,0.0,0.0,0.0,-0.99
91069414,Ian,Johnson,0.0,0.0,0.0,-1.0
90034304,Ravi,Somaiya,0.0,0.0,0.0,-1.0
89593573,Lexi,Mainland,0.0,0.0,0.0,1.0
87986621,Hanna,Ingber,0.0,0.0,0.0,1.0
87761810,Doug,Mills,0.0,0.0,0.0,-1.0
87584353,Jason,Horowitz,0.0,0.0,0.0,-1.0
87271106,Binyamin,Appelbaum,0.0,0.0,0.0,-1.0
86520607,Alison,Smale,0.0,0.0,0.0,0.99
85859613,Anemona,Hartocollis,0.0,0.0,0.0,1.0
85850590,Fernanda,Santos,0.0,0.0,0.0,1.0
85351514,A.G.,Sulzberger,0.0,0.0,0.0,0.0
85142160,Clay,Risen,0.0,0.0,0.0,-0.99
83041033,Leslye,Davis,0.0,0.0,0.0,1.0
82969145,James,Cobb,0.0,0.0,0.0,-1.0
82968346,Norman,Mayersohn,0.0,0.0,0.0,-0.99
82683644,Gina,Kolata,0.0,0.0,0.0,1.0
82379654,Jan,Benzel,0.0,0.0,0.0,0.22
81644488,Felicity,Barringer,0.0,0.0,0.0,1.0
81482674,Dave,Itzkoff,0.0,0.0,0.0,-1.0
81220455,Elias,Lopez,0.0,0.0,0.0,-1.0
80829085,John,Burns,0.0,0.0,0.0,-1.0
80764810,Jon,Pareles,0.0,0.0,0.0,-0.99
80663193,Patricia,Cohen,0.0,0.0,0.0,1.0
80465166,Fritzie,Andrade,0.0,0.0,0.0,1.0
80395276,sam,tanenhaus,0.0,0.0,0.0,-0.49
79569980,Mira,Kamdar,0.0,0.0,0.0,1.0
79299028,Allan,Kozinn,0.0,0.0,0.0,-1.0
78728798,Liriel,Higa,0.0,0.0,0.0,0.5
78400475,Michiko,Kakutani,0.0,0.0,0.0,1.0
77056184,Alexandra,Alter,0.0,0.0,0.0,0.99
77004462,Daniel,Wakin,0.0,0.0,0.0,-0.99
77000430,Samantha,Storey,0.0,0.0,0.0,0.43
76684897,Lorne,Manly,0.0,0.0,0.0,-0.49
76663193,Danielle,Mattoon,0.0,0.0,0.0,0.99
76347918,Paul,Mozur,0.0,0.0,0.0,-0.99
76343911,Jessica,Lustig,0.0,0.0,0.0,0.71
76036920,Sam,Borden,0.0,0.0,0.0,-0.49
75782383,Scott,Heller,0.0,0.0,0.0,-1.0
75170129,Caryn,Wilson,0.0,0.0,0.0,1.0
75085858,Guy,Trebay,0.0,0.0,0.0,-0.99
75031613,Ben,Solomon,0.0,0.0,0.0,-0.67
74762619,Jo,Becker,0.0,0.0,0.0,0.49
74558185,John,Williams,0.0,0.0,0.0,-1.0
74519287,Danny,Hakim,0.0,0.0,0.0,-0.99
74249819,Vera,Titunik,0.0,0.0,0.0,1.0
73112660,Mary,Suh,0.0,0.0,0.0,0.99
72962711,Andrew,Kueneman,0.0,0.0,0.0,-0.99
72957895,Chase,Davis,0.0,0.0,0.0,-0.99
72954635,agustin,armendariz,0.0,0.0,0.0,-1.0
72667138,Corey,Kilgannon,0.0,0.0,0.0,-0.97
71320032,Samantha,Stark,0.0,0.0,0.0,1.0
70463971,Jacqueline,Baylon,0.0,0.0,0.0,0.99
69892375,David,Waldstein,0.0,0.0,0.0,-1.0
69755462,Joel,Lovell,0.0,0.0,0.0,-0.98
69103442,Juliet,Lapidos,0.0,0.0,0.0,1.0
68522205,Kareem,Fahim,0.0,0.0,0.0,-0.69
67631479,Vivian,Toy,0.0,0.0,0.0,0.98
67418458,Patrick,McGeehan,0.0,0.0,0.0,-0.99
66144864,Ben,Grandgenett,0.0,0.0,0.0,-0.49
65431946,Michael,Cooper,0.0,0.0,0.0,-0.99
65391293,Mitch,Smith,0.0,0.0,0.0,-1.0
63345416,Todd,Heisler,0.0,0.0,0.0,-0.99
63217511,Alessandra,Stanley,0.0,0.0,0.0,1.0
62860671,Brooks,Barnes,0.0,0.0,0.0,-0.9
62316970,Steve,Lohr,0.0,0.0,0.0,-1.0
62032351,Jill,Rayfield,0.0,0.0,0.0,1.0
61879600,David,Herszenhorn,0.0,0.0,0.0,-1.0
61817626,Scott,Shane,0.0,0.0,0.0,-1.0
61384123,Dagny,Salas,0.0,0.0,0.0,1.0
61108556,marc,tracy,0.0,0.0,0.0,-0.71
60625486,Jenny,Anderson,0.0,0.0,0.0,0.99
59599859,Elizabeth,Harris,0.0,0.0,0.0,1.0
59157393,Thomas,Friedman,0.0,0.0,0.0,-1.0
59145948,Maureen,Dowd,0.0,0.0,0.0,1.0
57743032,Liz,Robbins,0.0,0.0,0.0,1.0
57640348,Doreen,Carvajal,0.0,0.0,0.0,1.0
55958632,Roger,Horst,0.0,0.0,0.0,-1.0
55510435,Jim,Dwyer,0.0,0.0,0.0,-1.0
55190116,Shreeya,Sinha,0.0,0.0,0.0,0.5
54885334,Clifford,Levy,0.0,0.0,0.0,-1.0
54165761,Tom,Sims,0.0,0.0,0.0,-1.0
54148929,Jonathan,Ansfield,0.0,0.0,0.0,-0.71
52160722,Nathaniel,Popper,0.0,0.0,0.0,-1.0
52089472,Motoko,Rich,0.0,0.0,0.0,0.39
51777236,Mark,Oppenheimer,0.0,0.0,0.0,-0.99
51530226,Benoit,Denizet-Lewis,0.0,0.0,0.0,-1.0
51325165,Valeriya,Safronova,0.0,0.0,0.0,1.0
51229210,Nikita,Stewart,0.0,0.0,0.0,0.84
50996697,julia,werdigier,0.0,0.0,0.0,0.99
50387337,Tim,Wallace,0.0,0.0,0.0,-1.0
50383514,Andy,Lehren,0.0,0.0,0.0,-0.98
50339158,Susan,Chira,0.0,0.0,0.0,1.0
49943475,melissa,clark,0.0,0.0,0.0,1.0
49634967,Fares,Akram,0.0,0.0,0.0,-1.0
48407302,Charles,Homans,0.0,0.0,0.0,-0.99
48377263,Michael,Slackman,0.0,0.0,0.0,-0.99
48100047,Paul,Werdel,0.0,0.0,0.0,-1.0
48075643,Coral,Davenport,0.0,0.0,0.0,1.0
48023374,Annie,Correal,0.0,0.0,0.0,0.99
47960267,Matthew,Rosenberg,0.0,0.0,0.0,-1.0
47769497,Joel,Petterson,0.0,0.0,0.0,-0.99
47717846,Maria,Newman,0.0,0.0,0.0,0.99
47469109,Ashwin,Seshagiri,0.0,0.0,0.0,-1.0
47408482,Ariane,B.,0.0,0.0,0.0,1.0
47408194,Jason,Zinoman,0.0,0.0,0.0,-0.99
47387027,Sarah,Cohen,0.0,0.0,0.0,1.0
46799665,Steven,McElroy,0.0,0.0,0.0,-1.0
46758606,Ben,Shpigel,0.0,0.0,0.0,-0.99
46593413,Tyler,Kepner,0.0,0.0,0.0,-0.95
45808079,Austin,Ramzy,0.0,0.0,0.0,-0.98
45749162,Dave,Renard,0.0,0.0,0.0,-1.0
45587483,Andrew,Scrivani,0.0,0.0,0.0,-1.0
44970004,Peter,Applebome,0.0,0.0,0.0,-0.99
44366594,carol,giacomo,0.0,0.0,0.0,1.0
43289988,Philip,Pan,0.0,0.0,0.0,-1.0
43230234,karen,zraick,0.0,0.0,0.0,1.0
42984750,Tara,Bernard,0.0,0.0,0.0,1.0
42976117,Mike,Abrams,0.0,0.0,0.0,-1.0
42961882,Justin,Bank,0.0,0.0,0.0,-1.0
42718180,Michael,Kolomatsky,0.0,0.0,0.0,-0.99
42467881,Adam,Ellick,0.0,0.0,0.0,-0.99
41940910,Karron,Skog,0.0,0.0,0.0,0.58
41619067,Harvey,Araton,0.0,0.0,0.0,-1.0
41310247,Jon,Caramanica,0.0,0.0,0.0,-0.99
41118043,Margaux,Laskey,0.0,0.0,0.0,1.0
40375110,Rachel,Swarns,0.0,0.0,0.0,1.0
40200549,Sarah,Lyall,0.0,0.0,0.0,0.67
40075291,Wendell,Jamieson,0.0,0.0,0.0,-0.7
39802003,Phyllis,Korkki,0.0,0.0,0.0,1.0
39800279,Theodore,Kim,0.0,0.0,0.0,-0.5
39621239,Malia,Wollan,0.0,0.0,0.0,1.0
39581173,Russ,Buettner,0.0,0.0,0.0,-1.0
39574433,David,Halbfinger,0.0,0.0,0.0,-1.0
39434755,Ray,Krueger,0.0,0.0,0.0,-0.96
39379075,Andrew,Keh,0.0,0.0,0.0,-1.0
39317107,Sam,Roberts,0.0,0.0,0.0,-0.99
39245720,Trip,Gabriel,0.0,0.0,0.0,-1.0
39086606,Clifford,Krauss,0.0,0.0,0.0,-0.98
39044325,Mark,Getzfred,0.0,0.0,0.0,-0.71
39030654,Edward,Wong,0.0,0.0,0.0,-0.99
38829617,Nicholas,Kulish,0.0,0.0,0.0,-1.0
38756286,Jason,Sfetko,0.0,0.0,0.0,-0.99
38509261,sebnem,arsu,0.0,0.0,0.0,0.98
38455115,Zachary,Woolfe,0.0,0.0,0.0,-0.99
37862759,Josh,Keller,0.0,0.0,0.0,-1.0
37718165,Ron,Lieber,0.0,0.0,0.0,-1.0
37291805,Frank,Bruni,0.0,0.0,0.0,-0.99
37269308,John,Koblin,0.0,0.0,0.0,-0.99
37247374,Alexandra,Garcia,0.0,0.0,0.0,0.99
37104983,Dan,Saltzstein,0.0,0.0,0.0,-0.99
37029298,Christine,Haughney,0.0,0.0,0.0,0.99
36609877,Eldes,Tran,0.0,0.0,0.0,0.13
36510873,David,NYT,0.0,0.0,0.0,-0.5
36106011,David,Dunlap,0.0,0.0,0.0,-1.0
35869256,Kirk,Semple,0.0,0.0,0.0,-0.99
35644661,Wilson,Andrews,0.0,0.0,0.0,-1.0
35286407,kathleen,lingo,0.0,0.0,0.0,1.0
34530414,Stacy,China,0.0,0.0,0.0,0.79
34494824,Sia,Michel,0.0,0.0,0.0,0.99
34374040,Rod,Nordland,0.0,0.0,0.0,-1.0
34245699,Ernesto,Londoño,0.0,0.0,0.0,0
34231471,Nick,Fox,0.0,0.0,0.0,-1.0
34196922,Alex,Williams,0.0,0.0,0.0,-0.95
33999013,Peter,Eavis,0.0,0.0,0.0,-0.99
33919343,Ashley,Parker,0.0,0.0,0.0,1.0
33915226,Steven,Myers,0.0,0.0,0.0,-1.0
33900304,deborah,needleman,0.0,0.0,0.0,1.0
33792634,Andrew,Sorkin,0.0,0.0,0.0,-1.0
33668650,John,Branch,0.0,0.0,0.0,-1.0
33547196,Alison,Cowan,0.0,0.0,0.0,0.67
33391760,Alan,Blinder,0.0,0.0,0.0,-0.99
33338729,Vikas,Bajaj,0.0,0.0,0.0,-1.0
33318712,Graham,Roberts,0.0,0.0,0.0,-0.99
32702382,Susan,Dominus,0.0,0.0,0.0,1.0
32628749,Louise,Story,0.0,0.0,0.0,1.0
32551884,Alan,Feuer,0.0,0.0,0.0,-0.99
32433821,Jad,Mouawad,0.0,0.0,0.0,-0.71
32147994,Erik,Eckholm,0.0,0.0,0.0,-1.0
32138947,Kevin,McKenna,0.0,0.0,0.0,-1.0
32129706,James,Jr,0.0,0.0,0.0,-0.99
31353042,PJ,Joshi,0.0,0.0,0.0,-1.0
31203136,Lynn,Zinser,0.0,0.0,0.0,0.61
31178767,Will,Alden,0.0,0.0,0.0,-0.98
31053563,Thomas,Kaplan,0.0,0.0,0.0,-1.0
30699754,Rukmini,Callimachi,0.0,0.0,0.0,0.5
30695346,Anna,North,0.0,0.0,0.0,1.0
30508149,diego,ribadeneira,0.0,0.0,0.0,-1.0
30202028,Ann,Derry,0.0,0.0,0.0,1.0
29986482,Sydney,Ember,0.0,0.0,0.0,0.91
29765346,Patrick,Scott,0.0,0.0,0.0,-0.71
29752603,John,Eligon,0.0,0.0,0.0,-0.71
29607664,Adam,Liptak,0.0,0.0,0.0,-1.0
29478953,Michael,Schwirtz,0.0,0.0,0.0,-1.0
29475191,Adrienne,Carter,0.0,0.0,0.0,1.0
29263488,Julie,Bosman,0.0,0.0,0.0,0.99
28708146,Emily,Bazelon,0.0,0.0,0.0,1.0
28631509,Bill,Pennington,0.0,0.0,0.0,-0.99
28622579,Haeyoun,Park,0.0,0.0,0.0,-0.13
28439828,Patrick,Farrell,0.0,0.0,0.0,-1.0
28258330,Elisabeth,Rosenthal,0.0,0.0,0.0,1.0
28175824,Vanessa,Friedman,0.0,0.0,0.0,0.99
28138045,Richard,Perez-Pena,0.0,0.0,0.0,-0.99
28128198,Archie,Tse,0.0,0.0,0.0,-0.96
28081724,Seth,Kugel,0.0,0.0,0.0,-0.5
27885663,Stephanie,Goodman,0.0,0.0,0.0,1.0
27799349,Larry,Buchanan,0.0,0.0,0.0,-1.0
27729889,Rick,Lyman,0.0,0.0,0.0,-1.0
27716402,Eric,Asimov,0.0,0.0,0.0,-0.99
27696993,Sam,Sifton,0.0,0.0,0.0,-0.98
27689375,Nancy,Weinstock,0.0,0.0,0.0,0.99
26929440,Tara,Parker-Pope,0.0,0.0,0.0,0.99
26809626,Hilary,Howard,0.0,0.0,0.0,0.98
26775719,Nicole,Herrington,0.0,0.0,0.0,1.0
26548553,Kia,Gregory,0.0,0.0,0.0,0.98
26355341,Thomas,Feyer,0.0,0.0,0.0,-1.0
26336913,Frances,Robles,0.0,0.0,0.0,1.0
26293094,barbara,graustark,0.0,0.0,0.0,1.0
25772065,jay,kang,0.0,0.0,0.0,-0.99
25362797,Elisabeth,Goodridge,0.0,0.0,0.0,1.0
25096930,Hannah,Fairfield,0.0,0.0,0.0,1.0
24937393,Brian,Knowlton,0.0,0.0,0.0,-0.67
24889586,Anand,Giridharadas,0.0,0.0,0.0,-1.0
24778284,Catriona,Stuart,0.0,0.0,0.0,1.0
24773177,david,carr,0.0,0.0,0.0,-0.99
24715018,Stephen,Crowley,0.0,0.0,0.0,-1.0
24645998,Kerri,MacDonald,0.0,0.0,0.0,1.0
24413618,Amy,Kellner,0.0,0.0,0.0,1.0
24387882,Matthew,Orr,0.0,0.0,0.0,-1.0
24260086,Ben,Strauss,0.0,0.0,0.0,-0.55
24199781,Salman,Masood,0.0,0.0,0.0,-1.0
24146296,Kim,Barker,0.0,0.0,0.0,0.91
24134103,Sarah,Nir,0.0,0.0,0.0,0.5
24051028,Julie,Bloom,0.0,0.0,0.0,1.0
23994034,Steve,Duenes,0.0,0.0,0.0,-1.0
23979328,Jennifer,Medina,0.0,0.0,0.0,1.0
23946892,Jodi,Rudoren,0.0,0.0,0.0,0.98
23836537,Javier,Hernández,0.0,0.0,0.0,0
23741868,Melissa,Eddy,0.0,0.0,0.0,1.0
23214542,Jim,Luttrell,0.0,0.0,0.0,-0.99
23196748,Joe,Drape,0.0,0.0,0.0,-0.97
23177276,William,Rhoden,0.0,0.0,0.0,-1.0
22895484,Ian,Lovett,0.0,0.0,0.0,-0.99
22872168,Margaret,Ho,0.0,0.0,0.0,0.99
22834340,Susan,Ellingwood,0.0,0.0,0.0,1.0
22730280,Lawrence,Downes,0.0,0.0,0.0,-1.0
22723307,Amanda,Cox,0.0,0.0,0.0,1.0
22410909,Josh,Haner,0.0,0.0,0.0,-1.0
22399352,Eric,Thayer,0.0,0.0,0.0,-0.99
22387220,Quentin,Hardy,0.0,0.0,0.0,-1.0
22320759,Michael,Paulson,0.0,0.0,0.0,-0.99
22056037,Joanna,Nikas,0.0,0.0,0.0,0.99
22047578,Alan,Flippen,0.0,0.0,0.0,-0.99
21769429,Andrew,Siddons,0.0,0.0,0.0,-0.99
21768766,Jonathan,Weisman,0.0,0.0,0.0,-1.0
21734241,Declan,Walsh,0.0,0.0,0.0,-1.0
21661593,john,leland,0.0,0.0,0.0,-0.99
21460110,Kari,0,0.0,0.0,0.0,0.49
21417247,Kirk,Johnson,0.0,0.0,0.0,-1.0
21416856,ES,Rueb,0.0,0.0,0.0,0.39
21415998,Stephanie,Strom,0.0,0.0,0.0,1.0
21397149,Snigdha,Koirala,0.0,0.0,0.0,1.0
21245863,Stephanie,Clifford,0.0,0.0,0.0,0.99
21145241,Michelle,Higgins,0.0,0.0,0.0,1.0
21123640,Mary,Giordano,0.0,0.0,0.0,1.0
21056978,Jake,Silverstein,0.0,0.0,0.0,-1.0
20946110,Jonah,Kessel,0.0,0.0,0.0,-0.98
20778387,Mark,Bittman,0.0,0.0,0.0,-1.0
20772763,Charles,Blow,0.0,0.0,0.0,-1.0
20570290,Charles,Duhigg,0.0,0.0,0.0,-0.99
20454297,Peter,Catapano,0.0,0.0,0.0,-0.99
20384034,anahad,oconnor,0.0,0.0,0.0,-0.5
20156726,Russell,Goldman,0.0,0.0,0.0,-1.0
20095865,Andy,Newman,0.0,0.0,0.0,-0.99
20040480,Carrie,Halperin,0.0,0.0,0.0,0.99
19999626,Edward,Wyatt,0.0,0.0,0.0,-1.0
19803605,Erica,Goode,0.0,0.0,0.0,0.99
19789414,Ben,Werschkul,0.0,0.0,0.0,-0.99
19714682,Dwight,Garner,0.0,0.0,0.0,-1.0
19671465,Kevin,Quealy,0.0,0.0,0.0,-1.0
19593954,Erik,Olsen,0.0,0.0,0.0,-1.0
19570075,Mike,Grynbaum,0.0,0.0,0.0,-1.0
19560540,Michael,Wilson,0.0,0.0,0.0,-0.99
19491536,Ruth,Fremson,0.0,0.0,0.0,0.99
19476868,Nick,Wingfield,0.0,0.0,0.0,-0.44
19383099,Chris,储百亮,0.0,0.0,0.0,0
19113435,David,Kirkpatrick,0.0,0.0,0.0,-0.71
19086456,Michael,Luo,0.0,0.0,0.0,-0.99
19040598,ಠ_ಠ,0,0.0,0.0,0.0,0
18950645,Andrew,Stanfill,0.0,0.0,0.0,-0.99
18918784,Samantha,Henig,0.0,0.0,0.0,1.0
18916926,Rɪᴄᴋ,Rᴏᴊᴀs,0.0,0.0,0.0,0
18913236,JackBell,0,0.0,0.0,0.0,-0.13
18874227,Stephen,Farrell,0.0,0.0,0.0,-1.0
18827552,Eba,Hamid,0.0,0.0,0.0,1.0
18790963,Jim,Dao,0.0,0.0,0.0,-0.99
18684952,David,Jolly,0.0,0.0,0.0,-0.99
18678924,Jonathan,Martin,0.0,0.0,0.0,-1.0
18554022,Juliet,Macur,0.0,0.0,0.0,1.0
18528216,Karen,Yourish,0.0,0.0,0.0,1.0
18507983,Heather,Murphy,0.0,0.0,0.0,1.0
18490480,Paul,Sullivan,0.0,0.0,0.0,-1.0
18453278,Damon,✒️,0.0,0.0,0.0,0
18450088,Ashley,Southall,0.0,0.0,0.0,0.97
18318642,Katie,Thomas,0.0,0.0,0.0,1.0
18252775,Susan,Edgerley,0.0,0.0,0.0,1.0
18228075,Pete,Wells,0.0,0.0,0.0,-1.0
18189726,Bassey,Etim,0.0,0.0,0.0,-1.0
18083797,katierosman,0,0.0,0.0,0.0,0.13
18057243,monicadrake,0,0.0,0.0,0.0,-0.13
17995528,Dan,Levin,0.0,0.0,0.0,-0.99
17974586,willy,0,0.0,0.0,0.0,-0.47
17914013,rickgladstone,0,0.0,0.0,0.0,-0.13
17910058,Danielle,Belopotosky,0.0,0.0,0.0,0.99
17890544,nixonron,0,0.0,0.0,0.0,0.13
17877122,Claire,Miller,0.0,0.0,0.0,1.0
17853152,Soo-Jeong,Kang,0.0,0.0,0.0,0.69
17845620,Henry,Fountain,0.0,0.0,0.0,-0.99
17822855,AJ,0,0.0,0.0,0.0,-0.98
17809607,David,Barstow,0.0,0.0,0.0,-1.0
17768720,Joe,Coscarelli,0.0,0.0,0.0,-0.96
17737614,Robert,Mackey,0.0,0.0,0.0,-0.99
17717552,Ian,Fisher,0.0,0.0,0.0,-1.0
17680774,Jason,Drakeford,0.0,0.0,0.0,-1.0
17659329,Justine,Maki,0.0,0.0,0.0,0.44
17601988,helenecooper,0,0.0,0.0,0.0,-0.13
17539807,Mike,Hale,0.0,0.0,0.0,-1.0
17525611,jeff,sommer,0.0,0.0,0.0,-1.0
17489136,Jeannie,Choi,0.0,0.0,0.0,0.67
17453750,Jean,Rutter,0.0,0.0,0.0,-1.0
17436250,Michael,Schmidt,0.0,0.0,0.0,-1.0
17389023,David,Chen,0.0,0.0,0.0,-1.0
17342267,James,Connell,0.0,0.0,0.0,-1.0
17290577,Diane,Cardwell,0.0,0.0,0.0,1.0
17164414,Talya,Minsberg,0.0,0.0,0.0,1.0
17152685,Lydia,Polgreen,0.0,0.0,0.0,1.0
17091688,Mary,Pilon,0.0,0.0,0.0,0.99
17025323,The,Editor,0.0,0.0,0.0,-0.5
17006157,Paul,Krugman,0.0,0.0,0.0,-0.99
17004618,Nicholas,Kristof,0.0,0.0,0.0,-0.99
17004139,Gail,Collins,0.0,0.0,0.0,0.99
17001646,John,Tierney,0.0,0.0,0.0,-0.99
16915103,melena,ryzik,0.0,0.0,0.0,1.0
16911536,amyvirshup,0,0.0,0.0,0.0,-0.13
16809794,Bill,Wasik,0.0,0.0,0.0,-0.5
16588095,Kim,Severson,0.0,0.0,0.0,0.92
16555786,Nadia,Taha,0.0,0.0,0.0,1.0
16540063,Poh,Teng,0.0,0.0,0.0,-0.56
16463786,Emma,Fitzsimmons,0.0,0.0,0.0,0.71
16459757,jason,stallman,0.0,0.0,0.0,-0.99
16441088,jennifer,steinhauer,0.0,0.0,0.0,0.99
16408959,Jeffrey,Cane,0.0,0.0,0.0,-0.99
16395525,jdavidgoodman,0,0.0,0.0,0.0,0.13
16380238,Catrin,Einhorn,0.0,0.0,0.0,1.0
16297720,Deborah,Acosta,0.0,0.0,0.0,1.0
16296332,Alan,Schwarz,0.0,0.0,0.0,-0.99
16295907,JamesEstrin,0,0.0,0.0,0.0,0.13
16258157,Dennis,Overbye,0.0,0.0,0.0,-1.0
16257487,William,Neuman,0.0,0.0,0.0,-0.99
16244449,Josh,Barro,0.0,0.0,0.0,-1.0
16227629,Amy,Harmon,0.0,0.0,0.0,1.0
16220341,Ben,Ratliff,0.0,0.0,0.0,-0.99
16194566,Michael,Roston,0.0,0.0,0.0,-0.99
16172747,Charlie,Savage,0.0,0.0,0.0,-0.98
16059332,Amy,O'Leary,0.0,0.0,0.0,1.0
16055024,Richard,Sandomir,0.0,0.0,0.0,-0.99
16046443,Jesse,McKinley,0.0,0.0,0.0,-0.95
16028003,WmFerguson,0,0.0,0.0,0.0,0.13
15990038,Jaime,Swanson,0.0,0.0,0.0,-0.91
15963468,Mick,Sussman,0.0,0.0,0.0,-0.58
15950882,katephillips,0,0.0,0.0,0.0,-0.13
15950210,Joe,Berger,0.0,0.0,0.0,-0.96
15908429,carolynryan,0,0.0,0.0,0.0,0.13
15891430,jodikantor,0,0.0,0.0,0.0,-0.13
15840979,Damien,Cave,0.0,0.0,0.0,-1.0
15829626,Andrew,Zahler,0.0,0.0,0.0,-1.0
15803250,Peter,Lattman,0.0,0.0,0.0,-0.99
15777728,Julie,Shaver,0.0,0.0,0.0,1.0
15736557,Diego,Sorbara,0.0,0.0,0.0,-1.0
15716291,Rogene,0,0.0,0.0,0.0,0.49
15593561,Rebecca,Ruiz,0.0,0.0,0.0,1.0
15589735,J.J.,Helland,0.0,0.0,0.0,0.0
15586316,Matt,Apuzzo,0.0,0.0,0.0,-1.0
15576754,Christina,Caron,0.0,0.0,0.0,1.0
15418253,Krysten,Chambrot,0.0,0.0,0.0,1.0
15388131,Sylvia,Rupani-Smith,0.0,0.0,0.0,0.99
15383427,Bill,Carter,0.0,0.0,0.0,-1.0
15369869,Josh,Williams,0.0,0.0,0.0,-1.0
15309384,Julia,Moskin,0.0,0.0,0.0,0.99
15245975,Sona,Patel,0.0,0.0,0.0,1.0
15238841,Kaly,Soto,0.0,0.0,0.0,0.5
15187074,Tom,Giratikanon,0.0,0.0,0.0,-0.99
15181734,Maud,Newton,0.0,0.0,0.0,1.0
15062129,Maira,Garcia,0.0,0.0,0.0,0.55
14894088,sbhanoo,0,0.0,0.0,0.0,0.13
14875983,Shan,Carter,0.0,0.0,0.0,-0.58
14873684,Diantha,Parker,0.0,0.0,0.0,1.0
14872551,Chris,Stanford,0.0,0.0,0.0,-0.76
14861368,EleanorRandolph,0,0.0,0.0,0.0,0.13
14850098,Marc,Lacey,0.0,0.0,0.0,-0.99
14849284,Randy,Archibold,0.0,0.0,0.0,-0.98
14699813,Zena,Barakat,0.0,0.0,0.0,1.0
14683257,Jess,Bidgood,0.0,0.0,0.0,0.46
14624523,Katherine,Schulten,0.0,0.0,0.0,0.99
14552725,Michael,Shear,0.0,0.0,0.0,-1.0
14546892,tannercurtis,0,0.0,0.0,0.0,0.13
14518765,Stephanie,Rosenbloom,0.0,0.0,0.0,0.99
14480378,Alan,Rappeport,0.0,0.0,0.0,-0.99
14443406,LaSharah,Bunting,0.0,0.0,0.0,0.27
14412101,Danielle,Ivory,0.0,0.0,0.0,1.0
14401912,Emily,Weinstein,0.0,0.0,0.0,1.0
14366976,Brian,Chen,0.0,0.0,0.0,-1.0
14325025,James,Gorman,0.0,0.0,0.0,-1.0
14315631,Kellen,Henry,0.0,0.0,0.0,-0.38
14275423,Matt,Seaton,0.0,0.0,0.0,-1.0
14179132,Ben,Sisario,0.0,0.0,0.0,-0.99
14116915,Katie,Rogers,0.0,0.0,0.0,1.0
14089446,Bill,Horn,0.0,0.0,0.0,-1.0
14021902,Paul,Volpe,0.0,0.0,0.0,-0.71
13644362,Justin,Swanson,0.0,0.0,0.0,-1.0
13404292,Nicole,Perlroth,0.0,0.0,0.0,1.0
12685742,Tom,Jolly,0.0,0.0,0.0,-0.99
12594742,mlouttit,0,0.0,0.0,0.0,0.13
12376942,Noam,Cohen,0.0,0.0,0.0,-0.98
11613712,Jennifer,Daniel,0.0,0.0,0.0,0.99
11545652,Daniel,Victor,0.0,0.0,0.0,-0.99
11179192,John,NYT,0.0,0.0,0.0,-0.99
11178672,Andy,Revkin,0.0,0.0,0.0,-0.98
11136082,mike,mcphate,0.0,0.0,0.0,-0.99
10755542,Vindu,Goel,0.0,0.0,0.0,-0.13
10686252,Daniel,McDermon,0.0,0.0,0.0,-1.0
10454572,∇,▼∇,0.0,0.0,0.0,0
9874512,Jesse,Ashlock,0.0,0.0,0.0,-0.98
9710612,Jeremy,Egner,0.0,0.0,0.0,-1.0
9089942,Michael,Merced,0.0,0.0,0.0,-0.67
8912232,KJ,Dell'Antonia,0.0,0.0,0.0,-1.0
8442372,Hiroko,Tabuchi,0.0,0.0,0.0,1.0
8041772,Eric,Owles,0.0,0.0,0.0,-0.71
7832552,Kinsey,Wilson,0.0,0.0,0.0,0.97
7433772,Emily,Steel,0.0,0.0,0.0,1.0
7140202,Katharine,Seelye,0.0,0.0,0.0,1.0
6476742,Molly,Wood,0.0,0.0,0.0,1.0
5636142,Celina,Fang,0.0,0.0,0.0,1.0
5273561,Tyson,Evans,0.0,0.0,0.0,-0.54
4527941,matt,richtel,0.0,0.0,0.0,-1.0
4129641,Michael,Owen,0.0,0.0,0.0,-1.0
4071761,Matthew,Ericson,0.0,0.0,0.0,-0.99
3630501,David,Gelles,0.0,0.0,0.0,-1.0
2325431,Jacky,Myint,0.0,0.0,0.0,-0.78
2195241,Farhad,Manjoo,0.0,0.0,0.0,-1.0
2115091,Sasha,Koren,0.0,0.0,0.0,0.93
2020351,Patrick,NYT,0.0,0.0,0.0,-0.99
1903371,Marc,Lavallee,0.0,0.0,0.0,-1.0
1838791,Jeremy,White,0.0,0.0,0.0,-0.99
1586501,Nick,Bilton,0.0,0.0,0.0,-0.67
1536811,John,Markoff,0.0,0.0,0.0,-0.99
1198481,Sewell,Chan,0.0,0.0,0.0,-1.0
681473,Jacob,Harris,0.0,0.0,0.0,-1.0
43593,Mike,Bostock,0.0,0.0,0.0,-1.0
8881,John,Niedermeyer,0.0,0.0,0.0,-1.0